label,width,height,pixels,cpu_time_ms,gpu_time_ms
VGA 480p,640,480,307200,13490.4,5.44826
SVGA 600p,800,600,480000,21092.1,1.66013
HD 720p,1280,720,921600,40589.3,2.74662
WXGA,1366,768,1049088,46242,3.49853
HD+,1600,900,1440000,63428.1,4.05949
FHD 1080p,1920,1080,2073600,91305.8,8.26352
QHD 1440p,2560,1440,3686400,0,12.0616
UHD 4K,3840,2160,8294400,0,28.3846
5K,5120,2880,14745600,0,47.2699
UHD 8K,7680,4320,33177600,0,104.221
