label,block_side,total_threads,gpu_time_ms
2x2,2,4,30.8763
4x4,4,16,8.63507
6x6,6,36,7.57261
8x8,8,64,3.7216
12x12,12,144,4.00118
16x16,16,256,4.71843
20x20,20,400,3.98678
24x24,24,576,3.69952
28x28,28,784,4.48832
32x32,32,1024,3.81446
